User Name,Date,Tweet,Likes,Retweets,Source
user_217,2024-12-08,This design is great terrible amazing great okay,122,88,Hootsuite
user_324,2024-05-28,This service is terrible amazing average okay bad,56,61,Buffer
user_74,2024-06-28,This quality is average terrible average average bad,431,50,Twitter Web App
user_157,2024-10-02,This quality is terrible okay great great wonderful,186,96,Android
user_354,2024-03-20,This service is amazing okay great wonderful terrible,471,77,Twitter Web App
user_379,2024-04-09,This quality is great average great okay okay,170,50,Hootsuite
user_459,2024-10-29,This product is okay wonderful wonderful amazing okay,387,17,Twitter Web App
user_97,2024-08-16,This delivery is okay okay bad great wonderful,370,12,Buffer
user_299,2024-01-05,This service is amazing bad terrible terrible bad,289,9,Hootsuite
user_89,2024-12-11,This service is okay great great great bad,230,81,Hootsuite
user_58,2024-11-06,This design is okay terrible terrible great bad,145,6,Buffer
user_166,2024-10-08,This design is wonderful wonderful average great great,253,83,Android
user_46,2024-05-18,This price is average great wonderful amazing amazing,468,58,Hootsuite
user_53,2024-12-15,This quality is okay bad okay wonderful amazing,12,9,Buffer
user_29,2024-11-23,This service is great wonderful bad amazing terrible,21,9,Hootsuite
user_477,2024-02-25,This experience is average average terrible wonderful terrible,359,63,Android
user_371,2024-04-16,This design is terrible terrible great wonderful wonderful,327,56,Hootsuite
user_233,2024-05-14,This product is terrible great wonderful wonderful average,144,3,Android
user_138,2024-11-06,This experience is okay amazing okay terrible great,188,74,Buffer
user_499,2024-02-09,This customer support is okay wonderful average amazing okay,92,80,Hootsuite
user_156,2024-10-29,This product is wonderful okay amazing wonderful great,320,12,iPhone
user_180,2024-06-23,This service is great wonderful amazing great bad,346,42,iPhone
user_315,2024-03-28,This delivery is average average bad okay wonderful,179,34,Android
user_158,2024-07-13,This design is average okay okay average bad,73,27,Buffer
user_174,2024-09-27,This quality is bad terrible terrible amazing okay,268,47,Hootsuite
user_123,2024-03-27,This design is okay amazing terrible great bad,329,73,iPhone
user_351,2024-07-01,This product is average terrible amazing wonderful amazing,467,96,iPhone
user_116,2024-09-10,This quality is wonderful great bad amazing average,218,53,Android
user_199,2024-06-27,This delivery is average okay great amazing okay,147,2,Hootsuite
user_41,2024-02-09,This price is terrible wonderful okay wonderful bad,244,21,Twitter Web App
user_205,2024-05-06,This delivery is wonderful okay great okay amazing,208,23,Twitter Web App
user_162,2024-12-06,This service is terrible bad okay okay wonderful,466,84,Buffer
user_133,2024-08-08,This customer support is bad amazing amazing wonderful average,445,57,Twitter Web App
user_166,2024-10-18,This product is bad average amazing okay bad,327,9,Android
user_86,2024-02-27,This experience is terrible okay great okay average,196,33,Hootsuite
user_469,2024-02-01,This product is bad bad average terrible amazing,236,14,iPhone
user_443,2024-06-29,This customer support is bad amazing great great okay,473,27,Buffer
user_381,2024-03-27,This price is average terrible terrible bad great,474,12,Android
user_154,2024-01-28,This customer support is okay terrible bad amazing terrible,482,75,Twitter Web App
user_347,2024-02-26,This service is great great wonderful okay amazing,263,83,Hootsuite
user_339,2024-12-13,This experience is wonderful great okay amazing average,66,4,Buffer
user_108,2024-10-26,This product is wonderful okay bad wonderful wonderful,358,45,iPhone
user_350,2024-07-03,This service is amazing great wonderful terrible okay,307,88,iPhone
user_462,2024-10-25,This price is amazing great okay amazing average,325,43,Android
user_474,2024-01-04,This quality is terrible bad terrible average wonderful,468,46,iPhone
user_65,2024-07-10,This experience is terrible average great terrible bad,307,17,iPhone
user_178,2024-12-26,This product is amazing amazing bad amazing terrible,378,58,Android
user_380,2024-02-28,This delivery is great terrible great amazing terrible,148,89,Android
user_227,2024-06-05,This design is okay wonderful wonderful amazing okay,30,45,Buffer
user_304,2024-04-16,This delivery is wonderful wonderful bad wonderful okay,284,34,iPhone
user_68,2024-04-30,This quality is wonderful wonderful wonderful terrible amazing,434,10,Hootsuite
user_477,2024-05-14,This quality is bad terrible okay great amazing,342,65,Twitter Web App
user_426,2024-12-05,This customer support is amazing amazing terrible amazing wonderful,215,43,iPhone
user_37,2024-11-15,This service is bad okay great bad average,309,1,Hootsuite
user_76,2024-01-25,This price is average great average okay average,68,87,iPhone
user_441,2024-09-11,This experience is terrible average okay bad bad,26,40,Buffer
user_155,2024-03-27,This quality is okay okay bad bad amazing,473,63,Hootsuite
user_197,2024-11-19,This customer support is terrible great terrible amazing great,311,23,Android
user_86,2024-09-17,This quality is okay terrible bad terrible great,412,73,Buffer
user_19,2024-03-14,This delivery is great average average great terrible,445,39,Hootsuite
user_185,2024-07-06,This delivery is great great wonderful okay great,223,50,Buffer
user_414,2024-03-23,This delivery is amazing okay average amazing great,172,80,Hootsuite
user_69,2024-08-01,This delivery is bad terrible average amazing amazing,499,35,Twitter Web App
user_22,2024-12-19,This customer support is amazing average amazing great great,325,29,Twitter Web App
user_188,2024-04-04,This delivery is amazing terrible amazing great okay,135,16,Hootsuite
user_80,2024-04-22,This design is amazing average bad terrible great,313,60,Buffer
user_190,2024-06-11,This price is wonderful great great okay amazing,169,68,Android
user_349,2024-08-01,This design is terrible average terrible bad amazing,146,95,Android
user_25,2024-06-11,This customer support is terrible okay amazing wonderful amazing,316,49,Buffer
user_394,2024-02-27,This design is bad amazing terrible great wonderful,497,18,Android
user_406,2024-12-08,This service is amazing great okay average average,428,46,Twitter Web App
user_202,2024-12-04,This quality is amazing terrible okay okay average,386,25,Hootsuite
user_11,2024-12-27,This experience is amazing amazing wonderful bad terrible,394,48,Hootsuite
user_174,2024-10-07,This quality is wonderful terrible great amazing terrible,339,45,Hootsuite
user_231,2024-06-15,This quality is okay wonderful terrible okay great,255,70,Android
user_453,2024-09-17,This price is terrible terrible terrible wonderful terrible,301,81,iPhone
user_346,2024-07-14,This design is amazing wonderful great okay terrible,75,47,Twitter Web App
user_389,2024-11-23,This price is great great wonderful terrible average,487,87,Twitter Web App
user_280,2024-06-15,This product is terrible great okay terrible amazing,158,11,Twitter Web App
user_308,2024-04-04,This service is average amazing okay amazing wonderful,3,34,Android
user_15,2024-04-30,This design is average okay average great okay,439,43,Android
user_22,2024-07-26,This design is wonderful great great great average,433,26,iPhone
user_367,2024-03-29,This delivery is bad okay terrible terrible average,271,28,iPhone
user_291,2024-12-09,This design is wonderful terrible wonderful average okay,357,31,iPhone
user_349,2024-05-04,This product is average wonderful average great okay,40,10,Buffer
user_442,2024-01-11,This price is average wonderful okay bad bad,200,5,iPhone
user_273,2024-10-08,This design is average bad wonderful wonderful great,487,13,Buffer
user_449,2024-06-16,This design is amazing terrible average great amazing,82,82,Hootsuite
user_84,2024-09-26,This price is terrible terrible amazing amazing wonderful,24,22,Buffer
user_434,2024-11-21,This service is bad bad terrible amazing wonderful,70,40,Hootsuite
user_478,2024-05-09,This quality is average great great okay average,478,43,iPhone
user_3,2024-01-30,This price is bad amazing okay great average,255,53,iPhone
user_186,2024-09-09,This service is amazing terrible terrible bad amazing,113,60,Android
user_449,2024-05-02,This service is average great terrible amazing okay,437,84,Twitter Web App
user_139,2024-09-24,This price is terrible terrible okay bad okay,280,36,Buffer
user_12,2024-05-27,This price is wonderful average wonderful amazing average,248,1,Hootsuite
user_480,2024-07-17,This product is bad great bad amazing bad,159,12,iPhone
user_336,2024-12-05,This quality is great bad amazing great bad,467,60,Buffer
user_124,2024-08-05,This service is okay amazing amazing great wonderful,367,99,Android
user_18,2024-07-23,This quality is great great average wonderful okay,333,18,Android
user_17,2024-09-19,This price is okay great average terrible terrible,491,1,Hootsuite
user_245,2024-07-09,This design is terrible bad okay bad wonderful,254,19,iPhone
user_255,2024-04-25,This experience is average okay bad average okay,272,51,Buffer
user_150,2024-08-29,This delivery is bad okay average bad amazing,151,83,iPhone
user_414,2024-02-20,This design is terrible great bad average terrible,188,93,Buffer
user_348,2024-11-17,This customer support is amazing bad wonderful okay okay,149,18,Buffer
user_440,2024-12-02,This price is bad okay terrible average wonderful,23,32,Android
user_59,2024-12-24,This customer support is okay average okay average amazing,442,12,iPhone
user_38,2024-12-02,This customer support is average average average great terrible,215,22,Hootsuite
user_248,2024-03-29,This service is terrible average wonderful okay bad,259,53,Twitter Web App
user_306,2024-11-11,This product is terrible amazing average okay great,412,41,Android
user_466,2024-05-14,This experience is great wonderful bad terrible okay,221,60,iPhone
user_78,2024-11-05,This design is wonderful amazing amazing terrible amazing,296,92,Hootsuite
user_301,2024-12-29,This quality is average average average terrible wonderful,212,68,Twitter Web App
user_363,2024-05-17,This product is great amazing great great wonderful,435,56,Twitter Web App
user_448,2024-06-20,This design is great terrible terrible okay average,103,49,iPhone
user_423,2024-11-26,This price is average great okay average okay,179,79,Hootsuite
user_162,2024-08-04,This service is average average average great average,51,37,Twitter Web App
user_43,2024-01-09,This design is great great average average okay,248,15,iPhone
user_493,2024-02-08,This experience is wonderful terrible great bad average,471,58,Android
user_417,2024-02-15,This delivery is amazing wonderful bad average amazing,147,69,Android
user_35,2024-05-03,This delivery is bad average okay great okay,197,16,Android
user_443,2024-08-14,This service is terrible okay okay great average,212,11,Twitter Web App
user_169,2024-07-30,This price is amazing terrible average great amazing,89,88,iPhone
user_82,2024-01-21,This delivery is amazing great great amazing amazing,494,21,Android
user_421,2024-07-16,This quality is okay bad bad okay great,213,26,Android
user_111,2024-03-20,This price is terrible terrible okay wonderful great,253,73,Android
user_359,2024-05-23,This product is amazing average bad bad great,243,55,Buffer
user_499,2024-06-19,This quality is amazing terrible amazing okay okay,394,15,iPhone
user_128,2024-08-17,This delivery is okay okay terrible terrible amazing,101,49,Twitter Web App
user_264,2024-05-25,This experience is bad terrible amazing great okay,299,4,Twitter Web App
user_408,2024-01-30,This service is okay terrible okay wonderful bad,161,95,Twitter Web App
user_162,2024-08-20,This design is amazing bad great wonderful great,257,88,Hootsuite
user_123,2024-09-12,This design is okay average okay average great,29,94,Hootsuite
user_497,2024-12-19,This product is amazing terrible average wonderful average,409,45,Buffer
user_76,2024-11-04,This experience is amazing amazing great wonderful average,398,59,Android
user_98,2024-12-20,This quality is amazing great wonderful terrible wonderful,396,61,Android
user_42,2024-03-15,This quality is average bad amazing bad amazing,279,2,iPhone
user_355,2024-04-10,This delivery is great wonderful wonderful okay bad,429,61,Buffer
user_420,2024-11-13,This design is amazing terrible average average great,162,99,Android
user_47,2024-06-13,This delivery is terrible okay okay bad great,85,90,Twitter Web App
user_194,2024-08-12,This quality is average great wonderful wonderful average,460,98,Twitter Web App
user_317,2024-03-10,This quality is okay bad bad great okay,447,58,Hootsuite
user_480,2024-08-18,This service is okay terrible amazing terrible wonderful,388,69,Hootsuite
user_457,2024-12-08,This customer support is bad bad bad okay amazing,286,45,iPhone
user_428,2024-07-26,This price is average bad bad wonderful terrible,390,59,iPhone
user_29,2024-10-11,This customer support is average terrible average average amazing,10,14,Twitter Web App
user_50,2024-12-23,This price is okay terrible wonderful wonderful great,366,74,Twitter Web App
user_288,2024-09-04,This product is average great wonderful terrible terrible,30,91,Twitter Web App
user_161,2024-07-17,This customer support is okay wonderful terrible amazing wonderful,345,24,Twitter Web App
user_352,2024-05-28,This quality is terrible okay bad amazing average,40,14,Hootsuite
user_284,2024-04-29,This customer support is okay terrible amazing wonderful wonderful,15,39,Android
user_469,2024-10-26,This design is terrible amazing wonderful average terrible,257,24,Hootsuite
user_410,2024-03-31,This product is bad terrible terrible wonderful amazing,94,94,Hootsuite
user_478,2024-03-01,This experience is wonderful terrible okay wonderful wonderful,20,64,Hootsuite
user_319,2024-10-20,This price is okay terrible great okay average,66,88,Android
user_500,2024-11-09,This experience is average average terrible amazing okay,455,78,Android
user_226,2024-06-20,This design is average bad great wonderful average,500,53,iPhone
user_96,2024-07-08,This quality is amazing bad average average wonderful,1,54,iPhone
user_120,2024-01-30,This service is amazing average bad wonderful wonderful,253,93,Twitter Web App
user_59,2024-10-09,This quality is wonderful terrible average great bad,273,1,iPhone
user_20,2024-09-12,This price is wonderful average amazing wonderful great,36,82,Buffer
user_327,2024-10-24,This service is great average bad wonderful wonderful,391,62,iPhone
user_245,2024-11-13,This service is wonderful okay okay wonderful okay,346,39,Twitter Web App
user_480,2024-12-24,This design is wonderful bad wonderful terrible terrible,230,81,Twitter Web App
user_58,2024-04-28,This delivery is okay average okay great amazing,98,71,Twitter Web App
user_175,2024-07-22,This customer support is amazing average terrible bad okay,35,66,Twitter Web App
user_232,2024-05-04,This customer support is terrible bad wonderful amazing terrible,27,23,Hootsuite
user_3,2024-11-14,This quality is amazing terrible terrible wonderful okay,255,99,Android
user_346,2024-11-01,This product is wonderful average bad wonderful average,348,40,Hootsuite
user_93,2024-11-18,This quality is average okay okay average okay,483,23,Android
user_446,2024-08-30,This service is great great average average wonderful,166,25,Android
user_474,2024-07-14,This experience is amazing average bad wonderful bad,483,96,iPhone
user_313,2024-01-30,This price is amazing great average amazing terrible,446,62,Buffer
user_90,2024-05-12,This quality is great wonderful okay average terrible,267,90,Hootsuite
user_377,2024-08-19,This delivery is average terrible terrible okay bad,93,31,Twitter Web App
user_110,2024-07-29,This product is wonderful okay okay amazing okay,268,89,Android
user_70,2024-11-27,This product is bad terrible average average wonderful,406,23,Android
user_445,2024-07-23,This delivery is terrible okay okay okay okay,450,45,iPhone
user_220,2024-09-13,This price is wonderful amazing terrible wonderful amazing,203,66,iPhone
user_48,2024-01-27,This price is great amazing average okay terrible,346,18,Twitter Web App
user_369,2024-06-08,This quality is great average bad average amazing,466,38,Hootsuite
user_400,2024-01-04,This experience is amazing average wonderful okay wonderful,311,64,Hootsuite
user_458,2024-01-04,This experience is terrible great terrible wonderful average,361,4,Twitter Web App
user_422,2024-03-07,This quality is bad wonderful amazing average amazing,249,63,Buffer
user_438,2024-10-08,This design is terrible wonderful bad bad great,27,98,Buffer
user_448,2024-01-08,This product is amazing great average amazing okay,190,88,Android
user_293,2024-07-01,This price is okay great great bad terrible,193,45,iPhone
user_221,2024-06-02,This delivery is amazing bad amazing terrible great,283,73,Twitter Web App
user_311,2024-02-01,This design is amazing average average bad okay,218,10,Twitter Web App
user_23,2024-12-02,This customer support is okay wonderful average wonderful amazing,38,34,Android
user_183,2024-01-06,This price is average average terrible great okay,236,31,Twitter Web App
user_173,2024-07-02,This service is bad bad average terrible bad,430,49,Android
user_428,2024-09-24,This product is wonderful bad amazing average average,23,48,Android
user_425,2024-02-20,This delivery is average bad bad okay okay,222,80,iPhone
user_83,2024-01-06,This experience is bad great terrible great bad,289,24,Buffer
user_257,2024-12-26,This quality is average terrible great great terrible,260,100,Buffer
user_285,2024-03-24,This price is bad bad bad terrible wonderful,421,95,iPhone
user_93,2024-10-10,This customer support is terrible great average okay amazing,281,23,Buffer
user_466,2024-06-08,This delivery is okay bad great average amazing,232,84,Hootsuite
user_302,2024-01-26,This service is amazing bad okay average wonderful,474,6,iPhone
user_417,2024-04-21,This quality is great amazing wonderful average terrible,44,7,Twitter Web App
user_349,2024-12-02,This customer support is bad okay wonderful wonderful wonderful,333,23,Buffer
user_221,2024-06-26,This product is great okay bad wonderful terrible,169,71,Buffer
user_454,2024-09-22,This quality is wonderful amazing amazing amazing terrible,5,5,iPhone
user_60,2024-08-22,This price is great average wonderful bad terrible,17,46,Buffer
user_52,2024-03-24,This price is average terrible average bad bad,221,15,Buffer
user_359,2024-05-22,This product is bad bad bad wonderful wonderful,443,22,iPhone
user_252,2024-07-10,This price is great great average okay bad,415,46,Android
user_86,2024-02-13,This quality is okay wonderful bad wonderful okay,417,28,Twitter Web App
user_329,2024-01-31,This design is okay terrible great average bad,62,4,Hootsuite
user_416,2024-12-29,This design is okay okay wonderful terrible great,122,50,Hootsuite
user_343,2024-09-04,This service is wonderful great bad okay terrible,20,100,Hootsuite
user_359,2024-03-21,This service is great bad okay bad average,387,70,iPhone
user_167,2024-08-03,This delivery is amazing bad bad terrible okay,208,47,iPhone
user_384,2024-06-24,This quality is okay okay bad average great,467,3,Android
user_43,2024-03-29,This design is terrible terrible average terrible okay,68,39,Twitter Web App
user_88,2024-06-25,This customer support is bad wonderful terrible terrible amazing,382,12,iPhone
user_394,2024-12-24,This design is amazing bad average okay terrible,347,66,Buffer
user_348,2024-02-01,This delivery is average wonderful great wonderful amazing,315,27,iPhone
user_416,2024-05-15,This delivery is average okay terrible average wonderful,424,41,iPhone
user_328,2024-11-30,This product is average bad terrible bad wonderful,482,68,Buffer
user_302,2024-02-21,This customer support is average wonderful bad bad amazing,198,8,Twitter Web App
user_47,2024-01-25,This design is terrible terrible wonderful terrible okay,328,51,Twitter Web App
user_149,2024-06-14,This service is bad bad okay wonderful wonderful,454,37,Twitter Web App
user_134,2024-11-17,This price is great wonderful great okay wonderful,245,17,Hootsuite
user_445,2024-06-07,This quality is wonderful bad average bad amazing,203,23,Twitter Web App
user_371,2024-11-27,This design is amazing wonderful wonderful wonderful wonderful,154,85,Hootsuite
user_290,2024-08-18,This price is great okay wonderful great amazing,206,52,Android
user_9,2024-08-12,This product is wonderful amazing okay wonderful okay,415,87,Buffer
user_237,2024-07-18,This delivery is bad amazing terrible amazing okay,8,46,Android
user_26,2024-09-19,This delivery is amazing great great average bad,339,36,Buffer
user_430,2024-01-28,This quality is great terrible terrible amazing amazing,445,18,iPhone
user_182,2024-12-01,This product is terrible wonderful bad bad wonderful,387,30,Hootsuite
user_20,2024-12-07,This price is wonderful terrible bad bad wonderful,24,58,Twitter Web App
user_414,2024-12-16,This quality is bad terrible amazing average average,242,71,Twitter Web App
user_192,2024-07-29,This delivery is average terrible average amazing average,333,25,Twitter Web App
user_362,2024-12-22,This experience is great average okay terrible bad,395,65,Twitter Web App
user_311,2024-07-26,This price is amazing okay amazing amazing okay,365,82,Twitter Web App
user_91,2024-05-19,This quality is amazing terrible amazing bad amazing,62,16,Twitter Web App
user_284,2024-05-30,This quality is okay bad amazing okay wonderful,176,80,Twitter Web App
user_132,2024-04-17,This delivery is average wonderful bad amazing average,13,93,Buffer
user_492,2024-03-13,This service is amazing terrible terrible wonderful terrible,138,67,Hootsuite
user_309,2024-10-23,This design is great wonderful amazing terrible okay,73,39,iPhone
user_411,2024-12-19,This service is bad terrible average okay amazing,147,90,iPhone
user_24,2024-09-15,This service is amazing wonderful great bad great,388,64,iPhone
user_197,2024-04-20,This delivery is average great great wonderful great,96,16,Twitter Web App
user_179,2024-12-14,This customer support is great average bad average bad,223,5,iPhone
user_3,2024-11-11,This service is okay bad bad terrible great,162,37,Hootsuite
user_120,2024-12-26,This quality is okay average amazing wonderful wonderful,422,16,Buffer
user_187,2024-01-19,This service is bad amazing wonderful amazing wonderful,262,13,iPhone
user_169,2024-09-03,This design is okay wonderful wonderful terrible terrible,122,75,Twitter Web App
user_341,2024-07-30,This delivery is great terrible average wonderful okay,257,66,Android
user_189,2024-05-03,This product is wonderful bad amazing wonderful wonderful,142,99,Twitter Web App
user_196,2024-08-29,This experience is great amazing okay great terrible,160,60,iPhone
user_2,2024-12-27,This service is bad amazing average great bad,91,86,Twitter Web App
user_194,2024-02-04,This service is terrible wonderful great bad terrible,63,49,Hootsuite
user_131,2024-05-29,This price is average bad bad amazing amazing,3,61,iPhone
user_57,2024-03-23,This experience is great amazing amazing amazing amazing,456,47,Android
user_367,2024-01-31,This product is okay okay great amazing bad,49,17,Android
user_250,2024-05-17,This product is wonderful okay okay amazing amazing,291,29,Android
user_371,2024-12-09,This service is great okay great amazing okay,310,38,iPhone
user_493,2024-03-05,This customer support is wonderful great amazing okay bad,409,21,Buffer
user_247,2024-12-02,This customer support is okay bad okay great terrible,28,9,Android
user_382,2024-05-26,This experience is terrible okay wonderful terrible bad,221,0,Hootsuite
user_173,2024-01-03,This delivery is okay okay average terrible amazing,239,58,Buffer
user_413,2024-04-15,This quality is okay bad bad amazing average,48,42,Buffer
user_325,2024-03-25,This delivery is great amazing average bad wonderful,206,60,Android
user_304,2024-06-26,This service is wonderful amazing great amazing terrible,112,67,Android
user_169,2024-09-21,This product is wonderful okay okay okay average,20,1,Twitter Web App
user_277,2024-11-23,This quality is wonderful wonderful amazing okay wonderful,286,50,Twitter Web App
user_493,2024-05-16,This customer support is great wonderful amazing amazing wonderful,105,45,Buffer
user_329,2024-11-28,This delivery is bad average okay amazing okay,224,100,iPhone
user_402,2024-04-23,This customer support is bad wonderful amazing okay average,157,31,Hootsuite
user_198,2024-03-28,This quality is okay average great bad wonderful,177,69,Hootsuite
user_259,2024-08-19,This design is amazing amazing wonderful average wonderful,112,39,iPhone
user_361,2024-02-17,This price is okay great bad great wonderful,306,46,Android
user_94,2024-04-11,This design is bad bad terrible average okay,447,51,Hootsuite
user_473,2024-04-18,This service is terrible bad average bad bad,443,56,Hootsuite
user_120,2024-10-21,This price is terrible bad okay average amazing,155,69,Twitter Web App
user_10,2024-04-02,This design is bad bad bad okay terrible,20,15,Buffer
user_473,2024-10-20,This service is amazing great terrible okay bad,28,55,Android
user_446,2024-05-25,This product is terrible wonderful amazing okay average,196,47,Buffer
user_73,2024-03-12,This design is terrible bad terrible okay great,443,12,iPhone
user_94,2024-10-20,This quality is okay okay wonderful average amazing,242,13,iPhone
user_201,2024-06-17,This price is terrible average bad wonderful wonderful,161,54,Android
user_408,2024-04-27,This customer support is okay okay terrible amazing wonderful,327,43,iPhone
user_34,2024-11-18,This price is bad average wonderful great average,164,6,iPhone
user_431,2024-08-04,This experience is amazing wonderful amazing terrible great,497,63,iPhone
user_291,2024-06-20,This delivery is bad amazing amazing bad terrible,269,56,iPhone
user_428,2024-07-19,This price is okay average terrible great bad,290,16,Hootsuite
user_216,2024-09-09,This delivery is bad average terrible average amazing,252,74,Twitter Web App
user_309,2024-05-24,This delivery is okay terrible terrible bad great,495,36,iPhone
user_119,2024-11-17,This design is bad bad amazing okay okay,327,63,Hootsuite
user_212,2024-02-13,This customer support is average average amazing okay wonderful,424,67,Android
user_196,2024-08-19,This delivery is wonderful bad wonderful wonderful okay,122,72,Android
user_127,2024-11-25,This service is great average amazing wonderful okay,220,32,iPhone
user_250,2024-11-21,This experience is wonderful great average amazing wonderful,197,33,Android
user_135,2024-03-16,This delivery is okay average okay amazing wonderful,68,76,Hootsuite
user_24,2024-04-25,This quality is amazing bad wonderful wonderful bad,331,9,Hootsuite
user_362,2024-03-09,This delivery is amazing terrible wonderful amazing average,68,29,Buffer
user_103,2024-11-12,This delivery is average okay amazing okay wonderful,325,65,Twitter Web App
user_377,2024-01-22,This quality is average okay great amazing terrible,271,90,Hootsuite
user_71,2024-03-05,This service is amazing great amazing wonderful great,287,21,Buffer
user_227,2024-11-22,This price is okay great wonderful terrible okay,262,50,Twitter Web App
user_213,2024-11-27,This price is bad amazing amazing bad wonderful,410,68,Hootsuite
user_380,2024-08-08,This quality is bad terrible terrible bad wonderful,144,33,Android
user_214,2024-08-13,This delivery is average bad amazing okay amazing,413,28,iPhone
user_442,2024-03-09,This quality is wonderful bad amazing okay bad,450,18,Android
user_466,2024-07-12,This experience is bad amazing wonderful okay terrible,332,27,Hootsuite
user_21,2024-11-13,This product is terrible okay bad amazing terrible,112,91,Twitter Web App
user_178,2024-10-02,This price is average bad great wonderful terrible,180,31,Android
user_272,2024-06-22,This experience is amazing wonderful okay great wonderful,460,6,Twitter Web App
user_79,2024-01-27,This quality is bad great wonderful great amazing,302,78,Twitter Web App
user_306,2024-12-14,This product is okay average great wonderful okay,445,39,Twitter Web App
user_229,2024-12-23,This experience is average average wonderful bad bad,397,63,Android
user_94,2024-12-25,This customer support is great amazing average wonderful bad,123,28,Twitter Web App
user_447,2024-06-13,This customer support is average bad wonderful wonderful wonderful,224,65,Twitter Web App
user_480,2024-10-17,This experience is bad wonderful bad okay terrible,433,92,Hootsuite
user_168,2024-06-29,This price is average average average wonderful great,164,79,iPhone
user_42,2024-10-03,This experience is great okay amazing bad amazing,139,3,Android
user_114,2024-06-18,This experience is bad great bad amazing amazing,407,41,Hootsuite
user_170,2024-11-04,This service is wonderful great average terrible amazing,492,29,Android
user_7,2024-11-07,This price is bad amazing average wonderful terrible,170,53,Hootsuite
user_52,2024-10-29,This design is okay bad terrible amazing amazing,147,49,Android
user_343,2024-03-14,This design is okay okay bad bad amazing,444,97,Buffer
user_335,2024-12-09,This customer support is terrible okay average amazing wonderful,465,29,Buffer
user_136,2024-06-25,This product is wonderful average bad great average,164,28,iPhone
user_378,2024-12-11,This product is bad great okay amazing great,476,70,Buffer
user_465,2024-02-18,This customer support is average bad bad bad amazing,126,21,Twitter Web App
user_31,2024-08-09,This delivery is average bad great amazing average,411,8,Twitter Web App
user_388,2024-10-18,This quality is amazing average terrible terrible average,80,72,Hootsuite
user_267,2024-12-08,This service is okay great wonderful okay bad,286,36,Android
user_71,2024-02-18,This service is amazing bad terrible bad wonderful,327,91,Android
user_252,2024-10-01,This experience is average average okay okay great,406,72,Twitter Web App
user_428,2024-11-21,This price is bad great amazing amazing amazing,95,73,Android
user_324,2024-09-29,This experience is average amazing terrible okay amazing,52,95,Twitter Web App
user_56,2024-05-22,This price is amazing average wonderful amazing bad,149,95,Twitter Web App
user_214,2024-06-22,This service is terrible terrible great amazing wonderful,117,61,Twitter Web App
user_332,2024-11-29,This delivery is amazing great average wonderful average,349,68,iPhone
user_375,2024-12-13,This price is bad average okay wonderful wonderful,240,80,Buffer
user_8,2024-10-14,This product is average amazing bad amazing bad,79,26,Android
user_392,2024-02-23,This price is great amazing wonderful great bad,170,11,iPhone
user_277,2024-10-30,This price is wonderful terrible wonderful terrible great,108,88,Buffer
user_237,2024-07-06,This design is bad great great great bad,114,7,Android
user_164,2024-03-09,This quality is wonderful okay amazing okay okay,433,0,Twitter Web App
user_473,2024-07-14,This design is average great wonderful amazing great,134,53,Hootsuite
user_31,2024-06-12,This customer support is okay wonderful average wonderful amazing,369,27,Twitter Web App
user_166,2024-12-05,This quality is amazing terrible wonderful wonderful okay,239,28,iPhone
user_350,2024-10-26,This design is average bad bad terrible terrible,72,12,Android
user_420,2024-02-25,This design is wonderful okay okay wonderful wonderful,304,58,Buffer
user_358,2024-09-29,This design is wonderful terrible okay wonderful okay,80,84,Android
user_258,2024-04-13,This customer support is terrible okay terrible terrible terrible,143,27,iPhone
user_30,2024-05-01,This experience is average average terrible okay great,13,62,iPhone
user_417,2024-11-25,This customer support is great wonderful great wonderful terrible,134,48,Buffer
user_306,2024-12-27,This design is bad wonderful average average bad,478,94,Twitter Web App
user_269,2024-02-28,This design is amazing average okay average great,0,59,Buffer
user_63,2024-08-11,This product is okay wonderful wonderful amazing wonderful,303,73,iPhone
user_299,2024-04-02,This experience is great okay okay okay okay,110,45,Android
user_479,2024-03-01,This experience is wonderful bad average bad okay,405,15,Twitter Web App
user_213,2024-10-14,This quality is terrible amazing okay average great,292,38,Twitter Web App
user_415,2024-02-17,This quality is terrible wonderful amazing great terrible,201,75,iPhone
user_344,2024-09-05,This quality is average wonderful average great average,426,91,Hootsuite
user_304,2024-12-01,This experience is terrible bad terrible wonderful average,13,9,Hootsuite
user_346,2024-04-28,This customer support is terrible average wonderful great average,316,33,Twitter Web App
user_201,2024-07-08,This service is bad great amazing okay great,202,22,Buffer
user_300,2024-09-21,This product is amazing amazing bad okay great,83,28,Android
user_285,2024-09-25,This service is average okay okay wonderful okay,498,63,Twitter Web App
user_283,2024-05-05,This delivery is bad bad great average wonderful,200,63,Android
user_125,2024-03-03,This price is great amazing bad average average,478,67,Hootsuite
user_389,2024-12-28,This customer support is terrible great terrible amazing terrible,434,95,Twitter Web App
user_138,2024-04-14,This service is average okay wonderful terrible average,159,80,Twitter Web App
user_413,2024-05-16,This quality is terrible wonderful great terrible great,9,82,Buffer
user_167,2024-02-09,This product is wonderful wonderful okay terrible terrible,360,68,Android
user_396,2024-04-14,This service is wonderful terrible okay okay terrible,348,56,Buffer
user_427,2024-06-19,This delivery is bad terrible amazing great terrible,127,64,iPhone
user_345,2024-03-15,This experience is bad bad great okay amazing,359,50,Android
user_418,2024-08-15,This quality is great wonderful terrible bad great,251,8,Twitter Web App
user_244,2024-12-22,This price is wonderful bad average bad wonderful,156,23,iPhone
user_79,2024-10-11,This product is amazing wonderful average amazing okay,127,31,Hootsuite
user_118,2024-02-23,This quality is average terrible wonderful okay okay,318,29,Buffer
user_360,2024-10-02,This quality is bad amazing okay bad great,436,34,Android
user_273,2024-12-10,This product is okay terrible amazing terrible okay,10,64,Twitter Web App
user_243,2024-04-04,This price is wonderful bad great great okay,18,73,Twitter Web App
user_303,2024-06-15,This service is okay amazing wonderful bad amazing,344,58,Twitter Web App
user_434,2024-12-21,This delivery is wonderful wonderful bad amazing okay,92,36,Buffer
user_467,2024-11-11,This customer support is wonderful wonderful great bad average,380,15,Buffer
user_218,2024-12-09,This design is amazing wonderful wonderful okay great,392,25,Hootsuite
user_400,2024-08-21,This price is average terrible average terrible wonderful,59,50,Android
user_257,2024-03-23,This experience is bad bad amazing okay average,465,61,Hootsuite
user_348,2024-08-17,This product is great okay wonderful wonderful great,140,70,iPhone
user_186,2024-08-10,This design is average great great wonderful amazing,440,5,iPhone
user_197,2024-11-29,This quality is great average bad great great,314,45,Twitter Web App
user_22,2024-11-30,This service is average wonderful great amazing great,192,21,iPhone
user_433,2024-09-06,This service is bad okay bad average okay,312,66,Twitter Web App
user_475,2024-06-30,This price is great average average terrible wonderful,217,85,Hootsuite
user_53,2024-01-22,This customer support is bad great wonderful okay average,55,61,iPhone
user_335,2024-07-05,This design is amazing great amazing wonderful wonderful,441,10,Twitter Web App
user_431,2024-01-22,This delivery is okay wonderful bad great amazing,379,74,Hootsuite
user_30,2024-03-25,This service is bad wonderful wonderful great wonderful,220,14,Android
user_214,2024-02-22,This experience is great terrible terrible bad bad,369,32,Twitter Web App
user_307,2024-12-13,This customer support is wonderful great terrible great amazing,343,79,Twitter Web App
user_248,2024-05-23,This experience is okay okay average wonderful bad,275,33,Android
user_306,2024-08-03,This product is okay okay okay amazing wonderful,437,61,iPhone
user_212,2024-07-14,This delivery is average average okay terrible bad,145,30,Hootsuite
user_255,2024-08-12,This experience is great amazing wonderful wonderful wonderful,403,76,Buffer
user_37,2024-09-10,This design is amazing okay bad average amazing,1,91,Twitter Web App
user_43,2024-01-31,This customer support is okay average bad amazing amazing,360,68,Hootsuite
user_314,2024-08-09,This design is great terrible bad wonderful terrible,134,31,Hootsuite
user_138,2024-03-04,This price is terrible amazing bad bad bad,172,29,Android
user_248,2024-05-26,This service is wonderful great amazing great amazing,472,78,Buffer
user_282,2024-07-06,This customer support is okay amazing bad bad average,366,27,Buffer
user_484,2024-10-16,This design is okay amazing okay wonderful okay,374,27,Android
user_43,2024-11-06,This delivery is amazing amazing bad okay terrible,35,27,Hootsuite
user_30,2024-03-18,This product is amazing terrible great average wonderful,212,98,Android
user_190,2024-01-13,This service is wonderful terrible great average average,245,96,Twitter Web App
user_387,2024-03-20,This price is okay bad great amazing terrible,33,25,iPhone
user_32,2024-12-12,This product is okay wonderful great great great,284,69,Hootsuite
user_250,2024-05-28,This design is great wonderful average terrible terrible,37,36,Android
user_174,2024-07-17,This service is bad amazing wonderful okay terrible,456,0,Android
user_411,2024-04-25,This product is bad amazing okay wonderful okay,298,10,Android
user_371,2024-11-23,This delivery is great bad amazing terrible amazing,313,66,Android
user_413,2024-12-21,This price is terrible bad average terrible wonderful,443,35,Twitter Web App
user_429,2024-02-03,This quality is terrible great okay wonderful terrible,318,28,Android
user_474,2024-01-17,This product is bad wonderful average okay average,184,6,Buffer
user_103,2024-05-13,This delivery is okay wonderful wonderful amazing amazing,291,83,Android
user_1,2024-03-22,This customer support is okay terrible wonderful great okay,410,75,Android
user_154,2024-09-09,This price is bad amazing average bad average,469,64,Buffer
user_29,2024-03-05,This quality is amazing terrible okay terrible average,479,80,Buffer
user_139,2024-07-13,This experience is wonderful wonderful average great bad,360,83,iPhone
user_96,2024-10-01,This customer support is terrible bad amazing bad terrible,415,13,Twitter Web App
user_108,2024-11-03,This design is terrible terrible wonderful wonderful bad,413,18,Buffer
user_485,2024-10-28,This customer support is amazing terrible okay amazing okay,183,67,Hootsuite
user_7,2024-12-20,This delivery is amazing average okay average amazing,301,42,Twitter Web App
user_75,2024-11-15,This experience is bad terrible great okay average,99,28,Android
user_325,2024-04-28,This service is wonderful bad amazing wonderful great,261,33,Android
user_231,2024-07-30,This customer support is bad terrible amazing wonderful amazing,121,63,Twitter Web App
user_124,2024-10-17,This product is bad wonderful average wonderful great,138,16,Twitter Web App
user_492,2024-11-30,This customer support is bad average average amazing wonderful,50,38,Android
user_280,2024-03-08,This customer support is terrible amazing terrible terrible average,356,76,Hootsuite
user_421,2024-07-11,This design is terrible amazing bad average bad,391,25,Android
user_111,2024-02-04,This price is terrible great average wonderful great,19,27,Twitter Web App
user_274,2024-05-10,This delivery is wonderful terrible great okay bad,183,61,Android
user_118,2024-06-16,This customer support is bad amazing amazing great average,319,47,Buffer
user_296,2024-02-04,This experience is average bad terrible amazing average,128,57,Twitter Web App
user_432,2024-12-19,This design is average terrible bad great great,479,62,Twitter Web App
user_178,2024-06-09,This price is okay okay okay terrible average,133,91,Buffer
user_61,2024-08-25,This price is amazing great wonderful bad wonderful,134,46,Hootsuite
user_148,2024-09-19,This customer support is average amazing bad terrible terrible,289,41,Android
user_290,2024-01-01,This quality is amazing terrible terrible average amazing,355,28,Twitter Web App
user_320,2024-03-13,This price is terrible great wonderful wonderful okay,35,33,Buffer
user_30,2024-04-06,This delivery is bad wonderful bad bad average,414,50,iPhone
user_205,2024-02-09,This product is terrible terrible wonderful great amazing,261,44,Twitter Web App
user_287,2024-11-29,This customer support is terrible terrible bad okay average,233,1,Hootsuite
user_324,2024-04-06,This product is okay bad wonderful amazing terrible,181,9,Twitter Web App
user_391,2024-09-23,This customer support is terrible average average amazing terrible,469,57,iPhone
user_373,2024-09-07,This product is bad great amazing terrible average,172,7,Buffer
user_215,2024-10-24,This price is great okay great average amazing,459,9,Twitter Web App
user_171,2024-12-16,This experience is okay bad wonderful bad average,278,89,Twitter Web App
user_317,2024-09-04,This product is average great great bad wonderful,487,49,Twitter Web App
user_442,2024-07-26,This price is bad amazing average average terrible,445,2,iPhone
user_33,2024-10-12,This service is okay great great okay bad,50,74,iPhone
user_50,2024-04-07,This design is average great wonderful average okay,205,43,Buffer
user_399,2024-09-16,This quality is bad great great wonderful great,129,55,Twitter Web App
user_111,2024-12-08,This delivery is bad amazing bad okay bad,267,99,Buffer
user_67,2024-06-25,This price is great wonderful okay bad terrible,315,89,Hootsuite
user_320,2024-09-17,This service is average average amazing terrible great,102,64,Android
user_320,2024-02-15,This price is terrible okay great average great,86,1,Hootsuite
user_446,2024-05-28,This customer support is okay great average average bad,262,75,Hootsuite
user_118,2024-09-03,This experience is average wonderful average wonderful okay,423,41,Android
user_96,2024-07-30,This quality is bad average average great wonderful,450,17,Buffer
user_281,2024-12-20,This quality is terrible average great amazing terrible,496,3,Android
user_261,2024-04-10,This design is terrible great wonderful wonderful okay,244,11,iPhone
user_435,2024-02-18,This delivery is okay bad bad terrible amazing,143,91,Twitter Web App
user_281,2024-01-29,This delivery is great amazing great amazing okay,186,11,Buffer
user_311,2024-08-13,This delivery is great great wonderful amazing amazing,451,73,iPhone
user_335,2024-07-27,This price is wonderful average amazing terrible great,309,56,Hootsuite
user_308,2024-08-06,This product is wonderful okay great bad okay,392,96,Twitter Web App
user_87,2024-05-02,This quality is wonderful great wonderful average terrible,72,18,Hootsuite
user_110,2024-07-21,This product is bad average great wonderful great,46,95,Android
user_477,2024-10-20,This product is wonderful bad great amazing great,237,5,Buffer
user_388,2024-01-17,This delivery is amazing average amazing bad terrible,462,59,Hootsuite
user_388,2024-08-16,This quality is bad average great average amazing,187,74,Hootsuite
user_358,2024-07-05,This customer support is bad terrible great wonderful okay,489,3,Twitter Web App
user_6,2024-02-26,This quality is wonderful average wonderful amazing terrible,428,94,Twitter Web App
user_492,2024-01-11,This price is wonderful great amazing average average,409,92,Twitter Web App
user_370,2024-10-27,This customer support is amazing amazing okay okay bad,355,61,Buffer
user_152,2024-05-19,This customer support is average great wonderful great okay,337,63,iPhone
user_157,2024-07-16,This service is great wonderful wonderful terrible average,343,61,iPhone
user_460,2024-09-25,This customer support is wonderful average great wonderful bad,177,76,Twitter Web App
user_140,2024-03-17,This delivery is great average terrible terrible terrible,429,99,Hootsuite
user_177,2024-07-08,This service is amazing average terrible bad wonderful,244,63,Twitter Web App
user_224,2024-03-05,This quality is bad amazing bad wonderful okay,314,37,Buffer
user_97,2024-03-27,This price is average terrible wonderful okay bad,123,28,Hootsuite
user_20,2024-10-29,This design is average amazing amazing wonderful great,207,29,Twitter Web App
user_17,2024-01-23,This product is great okay okay wonderful bad,374,15,Twitter Web App
user_233,2024-10-29,This service is wonderful amazing wonderful average bad,365,1,Android
user_355,2024-04-13,This quality is average great okay bad amazing,226,92,Buffer
user_338,2024-12-02,This quality is amazing terrible amazing bad wonderful,159,84,Android
user_281,2024-11-25,This experience is okay wonderful amazing okay bad,212,29,Android
user_99,2024-11-12,This price is wonderful terrible terrible bad bad,49,100,Twitter Web App
user_275,2024-01-31,This quality is wonderful bad great wonderful okay,91,17,Android
user_359,2024-07-04,This customer support is bad bad terrible wonderful terrible,241,95,Hootsuite
user_386,2024-11-02,This service is okay average okay amazing wonderful,8,4,iPhone
user_366,2024-09-20,This experience is average okay amazing amazing wonderful,109,52,Android
user_4,2024-01-31,This design is average bad amazing average terrible,63,0,Hootsuite
user_495,2024-07-10,This customer support is great okay amazing terrible wonderful,493,44,Hootsuite
user_152,2024-02-11,This design is terrible bad average wonderful amazing,90,83,iPhone
user_124,2024-05-04,This experience is average wonderful great amazing average,77,88,iPhone
user_475,2024-03-16,This service is great bad amazing amazing okay,38,58,iPhone
user_57,2024-11-09,This design is average average amazing terrible average,158,41,Buffer
user_77,2024-05-23,This service is amazing terrible terrible average amazing,292,31,Buffer
user_278,2024-01-11,This experience is bad terrible okay average wonderful,377,52,Hootsuite
user_496,2024-09-09,This product is amazing terrible great average amazing,319,23,Hootsuite
user_98,2024-04-18,This product is wonderful average average okay terrible,213,91,Twitter Web App
user_146,2024-10-29,This price is terrible terrible amazing bad okay,152,30,Twitter Web App
user_282,2024-08-12,This design is amazing wonderful bad bad great,140,16,Hootsuite
user_167,2024-12-10,This quality is okay wonderful okay amazing average,227,19,Twitter Web App
user_445,2024-07-21,This delivery is average wonderful average amazing amazing,52,41,Android
user_320,2024-01-26,This design is amazing bad amazing okay terrible,218,45,Android
user_470,2024-10-26,This product is average average bad okay amazing,242,79,Hootsuite
user_142,2024-12-16,This service is bad okay terrible wonderful terrible,58,31,Hootsuite
user_152,2024-03-21,This design is wonderful great average amazing great,111,69,Buffer
user_86,2024-05-23,This customer support is okay wonderful average bad great,154,72,iPhone
user_492,2024-06-21,This experience is okay bad amazing amazing average,39,39,Android
user_431,2024-06-22,This customer support is bad okay average average average,108,67,Hootsuite
user_107,2024-02-14,This experience is terrible wonderful wonderful bad great,11,93,Hootsuite
user_402,2024-12-10,This service is okay bad bad okay great,195,19,Buffer
user_215,2024-07-20,This product is average terrible wonderful terrible okay,297,1,iPhone
user_166,2024-09-20,This price is great okay terrible okay average,4,9,Android
user_367,2024-07-03,This delivery is amazing wonderful okay amazing amazing,260,44,Twitter Web App
user_315,2024-06-30,This experience is average amazing amazing wonderful terrible,347,24,Twitter Web App
user_186,2024-08-13,This price is average wonderful terrible bad bad,312,33,Android
user_226,2024-12-21,This delivery is great average great wonderful average,249,16,iPhone
user_91,2024-05-19,This design is terrible bad average terrible average,311,15,iPhone
user_320,2024-09-05,This delivery is okay amazing amazing average bad,117,87,iPhone
user_338,2024-05-30,This product is amazing amazing average average great,417,74,Hootsuite
user_93,2024-08-04,This product is average average great bad bad,494,14,Twitter Web App
user_310,2024-12-04,This quality is okay terrible okay wonderful okay,92,96,Hootsuite
user_173,2024-12-27,This service is wonderful amazing great amazing bad,30,54,Android
user_68,2024-12-02,This quality is wonderful okay terrible bad terrible,168,7,Android
user_334,2024-08-06,This experience is wonderful average amazing amazing bad,278,52,iPhone
user_404,2024-03-23,This price is terrible amazing terrible okay bad,280,44,Buffer
user_483,2024-01-30,This delivery is wonderful okay wonderful bad great,82,65,Hootsuite
user_5,2024-05-28,This design is average average okay amazing amazing,367,20,Android
user_370,2024-12-25,This experience is amazing average okay bad great,292,3,Buffer
user_159,2024-10-11,This delivery is great average average great bad,16,67,Buffer
user_470,2024-04-01,This delivery is amazing amazing amazing amazing amazing,407,22,Buffer
user_491,2024-02-25,This customer support is wonderful amazing terrible average great,112,62,Buffer
user_495,2024-08-19,This design is great great wonderful great terrible,473,94,Android
user_24,2024-07-31,This quality is average okay terrible terrible okay,398,61,Hootsuite
user_473,2024-09-11,This quality is terrible great great average bad,329,47,iPhone
user_319,2024-10-01,This quality is average okay average bad terrible,77,46,Twitter Web App
user_428,2024-12-07,This quality is bad wonderful average okay average,433,6,Hootsuite
user_118,2024-08-28,This price is terrible amazing amazing average amazing,155,86,Buffer
user_119,2024-08-10,This delivery is bad okay great average amazing,350,63,Android
user_286,2024-10-09,This experience is wonderful okay bad amazing wonderful,246,90,Buffer
user_396,2024-08-02,This service is wonderful okay average average great,256,72,Android
user_70,2024-03-19,This quality is terrible average wonderful great okay,83,73,Twitter Web App
user_105,2024-09-28,This delivery is wonderful terrible terrible great wonderful,366,98,Twitter Web App
user_62,2024-10-29,This design is terrible amazing terrible okay okay,81,65,Buffer
user_256,2024-12-13,This service is amazing bad bad average amazing,50,81,Android
user_429,2024-10-03,This design is great okay bad wonderful terrible,423,46,Android
user_119,2024-02-03,This customer support is great okay terrible terrible wonderful,297,20,Hootsuite
user_175,2024-05-01,This quality is okay amazing average bad terrible,146,17,Twitter Web App
user_263,2024-07-09,This service is wonderful okay great great wonderful,275,95,Hootsuite
user_317,2024-04-04,This price is terrible average bad great amazing,194,13,iPhone
user_337,2024-02-10,This design is amazing amazing bad bad amazing,187,32,Hootsuite
user_329,2024-11-03,This customer support is amazing okay bad wonderful bad,229,56,Hootsuite
user_281,2024-06-06,This delivery is amazing okay wonderful okay bad,496,15,iPhone
user_111,2024-05-01,This quality is bad bad great average amazing,118,10,Android
user_4,2024-03-18,This delivery is great average terrible average great,158,43,Hootsuite
user_78,2024-04-30,This customer support is okay wonderful wonderful bad okay,55,5,Buffer
user_303,2024-06-14,This design is terrible okay wonderful okay terrible,225,79,Buffer
user_364,2024-03-17,This service is okay average bad great okay,275,0,Hootsuite
user_439,2024-04-03,This quality is bad amazing amazing great average,12,34,Android
user_465,2024-05-10,This quality is okay wonderful average okay wonderful,158,32,Buffer
user_261,2024-10-17,This product is amazing okay amazing great great,246,4,Twitter Web App
user_256,2024-03-15,This experience is terrible bad great wonderful okay,108,48,Android
user_450,2024-10-24,This quality is okay average average amazing amazing,267,39,Android
user_400,2024-04-18,This product is bad okay wonderful amazing okay,340,34,Buffer
user_177,2024-01-25,This service is bad average wonderful okay bad,187,53,Hootsuite
user_152,2024-08-29,This quality is terrible terrible great bad wonderful,202,12,Hootsuite
user_383,2024-08-16,This delivery is okay okay bad wonderful amazing,139,72,Buffer
user_4,2024-05-16,This product is great average average okay wonderful,169,92,Buffer
user_250,2024-10-28,This quality is bad great terrible wonderful terrible,82,30,Android
user_57,2024-01-02,This experience is wonderful wonderful amazing okay terrible,483,21,Twitter Web App
user_487,2024-05-15,This delivery is okay bad average amazing terrible,114,10,Android
user_14,2024-11-27,This quality is okay okay okay average great,422,66,Twitter Web App
user_396,2024-12-06,This customer support is great amazing terrible average bad,275,72,Buffer
user_255,2024-06-01,This quality is terrible amazing average bad average,334,1,Buffer
user_1,2024-10-03,This quality is okay okay bad okay wonderful,160,28,Hootsuite
user_87,2024-05-19,This design is great okay okay great bad,445,78,Buffer
user_70,2024-05-07,This service is amazing wonderful great bad terrible,99,74,iPhone
user_194,2024-04-11,This customer support is great average great average terrible,493,44,Twitter Web App
user_15,2024-12-13,This service is okay terrible okay wonderful average,250,41,iPhone
user_489,2024-05-17,This experience is terrible terrible average okay great,415,24,Buffer
user_7,2024-06-30,This service is wonderful bad bad okay wonderful,188,72,Android
user_274,2024-12-29,This customer support is bad amazing wonderful amazing okay,281,96,iPhone
user_182,2024-08-29,This price is terrible bad great okay great,433,43,Buffer
user_22,2024-12-26,This price is okay terrible terrible average amazing,75,29,iPhone
user_384,2024-01-16,This experience is average amazing bad terrible bad,398,5,Android
user_475,2024-05-19,This delivery is okay great great terrible okay,201,71,Buffer
user_148,2024-03-01,This price is okay okay okay great okay,108,40,iPhone
user_496,2024-10-09,This quality is wonderful wonderful great terrible wonderful,460,97,Android
user_354,2024-10-16,This service is bad terrible wonderful bad okay,259,56,iPhone
user_217,2024-12-29,This service is great bad okay bad average,63,82,Buffer
user_76,2024-10-06,This customer support is amazing bad great great great,484,35,Twitter Web App
user_143,2024-03-09,This quality is terrible bad wonderful great great,194,55,Twitter Web App
user_212,2024-07-15,This customer support is amazing okay okay bad bad,320,34,Buffer
user_120,2024-06-26,This quality is wonderful great amazing amazing average,239,1,Twitter Web App
user_385,2024-04-04,This design is great wonderful amazing average okay,258,63,Android
user_201,2024-02-24,This customer support is great okay average average okay,160,75,Twitter Web App
user_180,2024-05-09,This experience is bad amazing wonderful great terrible,398,12,Twitter Web App
user_9,2024-09-17,This product is bad terrible bad bad wonderful,494,0,Hootsuite
user_29,2024-03-28,This service is wonderful terrible terrible bad bad,56,87,Buffer
user_175,2024-08-13,This price is wonderful wonderful okay wonderful wonderful,117,77,Android
user_319,2024-05-18,This price is average great bad bad bad,362,82,Twitter Web App
user_491,2024-10-21,This experience is bad bad amazing okay terrible,247,37,Android
user_424,2024-01-09,This price is great bad amazing okay wonderful,74,32,Hootsuite
user_408,2024-06-26,This experience is average terrible wonderful terrible bad,185,28,Hootsuite
user_352,2024-05-14,This design is terrible amazing great average terrible,493,85,Buffer
user_10,2024-10-26,This product is okay wonderful wonderful terrible amazing,245,59,Twitter Web App
user_500,2024-10-18,This quality is okay average average great amazing,367,79,Android
user_59,2024-09-02,This product is wonderful amazing average great okay,459,25,Android
user_493,2024-01-28,This service is average bad okay amazing terrible,123,9,Buffer
user_23,2024-11-06,This price is okay wonderful great amazing bad,438,94,iPhone
user_101,2024-11-18,This product is great amazing amazing great amazing,379,90,Buffer
user_379,2024-12-31,This quality is great terrible great terrible average,146,30,Buffer
user_314,2024-04-24,This product is bad bad okay great great,435,92,Android
user_252,2024-01-16,This service is okay okay bad average okay,78,41,Hootsuite
user_14,2024-07-28,This product is terrible wonderful okay amazing wonderful,14,10,Hootsuite
user_231,2024-12-20,This experience is wonderful amazing okay wonderful okay,58,22,iPhone
user_268,2024-08-09,This delivery is great terrible great bad average,311,74,Buffer
user_217,2024-03-22,This customer support is amazing average amazing amazing bad,276,65,Buffer
user_279,2024-11-17,This service is wonderful average bad wonderful great,290,97,Buffer
user_373,2024-01-01,This product is amazing okay terrible wonderful average,354,7,iPhone
user_384,2024-09-24,This design is average average average amazing wonderful,17,30,Hootsuite
user_7,2024-01-31,This customer support is okay okay great terrible amazing,284,56,Android
user_263,2024-01-28,This service is wonderful wonderful terrible great amazing,269,0,iPhone
user_455,2024-05-05,This product is great average great bad amazing,277,42,Hootsuite
user_284,2024-12-21,This delivery is amazing okay okay okay wonderful,76,28,Hootsuite
user_256,2024-11-07,This design is okay wonderful wonderful amazing okay,165,92,Hootsuite
user_484,2024-09-03,This delivery is okay okay bad wonderful terrible,141,81,iPhone
user_145,2024-09-02,This price is okay average great amazing wonderful,79,89,Twitter Web App
user_27,2024-06-19,This service is okay bad amazing great great,268,93,Twitter Web App
user_197,2024-09-10,This experience is average okay amazing okay amazing,301,14,Buffer
user_57,2024-08-04,This product is great great bad wonderful great,458,87,Twitter Web App
user_268,2024-12-28,This experience is terrible terrible amazing great wonderful,340,59,Android
user_303,2024-08-31,This price is bad terrible great amazing amazing,431,64,iPhone
user_305,2024-11-06,This design is average bad terrible okay wonderful,157,61,Android
user_323,2024-12-01,This delivery is wonderful average amazing okay okay,283,34,Buffer
user_391,2024-02-22,This delivery is average wonderful wonderful amazing terrible,178,64,iPhone
user_120,2024-01-14,This experience is okay terrible bad wonderful average,293,9,iPhone
user_17,2024-10-04,This price is great okay wonderful okay wonderful,241,54,Twitter Web App
user_296,2024-04-01,This customer support is wonderful average amazing terrible terrible,396,90,Hootsuite
user_185,2024-12-13,This delivery is average average wonderful okay wonderful,63,56,Android
user_318,2024-01-19,This delivery is average okay terrible terrible average,487,0,Android
user_311,2024-11-24,This price is okay okay okay terrible wonderful,77,18,iPhone
user_147,2024-04-20,This experience is amazing amazing bad bad okay,407,33,iPhone
user_169,2024-03-16,This design is average average average wonderful great,387,10,Android
user_378,2024-08-21,This quality is great amazing great terrible average,233,17,Android
user_155,2024-03-16,This customer support is great bad average amazing average,239,18,Buffer
user_358,2024-04-06,This quality is great okay wonderful terrible bad,225,65,Android
user_223,2024-04-07,This design is bad wonderful average wonderful amazing,144,55,Hootsuite
user_353,2024-03-24,This quality is wonderful great okay bad wonderful,178,5,iPhone
user_93,2024-02-23,This service is amazing great okay terrible terrible,482,59,Buffer
user_468,2024-06-12,This design is terrible terrible amazing great wonderful,312,77,Buffer
user_440,2024-12-15,This customer support is amazing great average amazing average,493,83,Android
user_349,2024-01-23,This experience is great average wonderful okay average,88,38,iPhone
user_235,2024-04-25,This delivery is wonderful wonderful terrible bad average,431,75,iPhone
user_146,2024-04-24,This quality is wonderful bad great okay terrible,163,28,Buffer
user_458,2024-01-15,This design is bad okay amazing terrible okay,224,96,Twitter Web App
user_66,2024-07-27,This delivery is bad wonderful terrible average amazing,401,54,Hootsuite
user_3,2024-02-25,This experience is average wonderful bad average terrible,281,67,Android
user_8,2024-10-06,This service is terrible amazing bad bad amazing,102,71,Android
user_197,2024-09-01,This design is terrible terrible terrible average bad,342,44,Twitter Web App
user_103,2024-11-30,This customer support is terrible average average great terrible,345,22,Hootsuite
user_85,2024-04-03,This design is wonderful wonderful amazing bad bad,277,33,Android
user_180,2024-08-28,This delivery is wonderful terrible okay amazing average,325,60,Hootsuite
user_452,2024-05-17,This product is great average bad great okay,331,25,Buffer
user_131,2024-08-25,This delivery is great terrible wonderful amazing bad,106,30,iPhone
user_114,2024-07-09,This product is bad okay terrible okay terrible,328,60,Android
user_422,2024-07-28,This experience is okay average terrible okay average,479,33,Twitter Web App
user_379,2024-11-25,This experience is great okay average okay wonderful,249,44,Twitter Web App
user_106,2024-09-25,This delivery is terrible bad bad average wonderful,118,15,Buffer
user_444,2024-09-05,This price is okay average wonderful wonderful bad,197,99,Android
user_344,2024-05-03,This experience is okay okay bad amazing amazing,55,58,iPhone
user_22,2024-12-02,This product is okay bad wonderful wonderful average,263,78,Twitter Web App
user_187,2024-01-01,This quality is wonderful wonderful bad okay average,243,78,Android
user_245,2024-07-10,This product is terrible wonderful okay wonderful average,306,85,Twitter Web App
user_14,2024-04-12,This price is terrible wonderful bad okay okay,171,18,Buffer
user_192,2024-04-16,This price is wonderful amazing wonderful average amazing,496,34,Twitter Web App
user_460,2024-08-12,This product is amazing okay amazing bad okay,345,6,Buffer
user_292,2024-08-29,This customer support is average great amazing wonderful average,46,51,iPhone
user_382,2024-07-14,This experience is amazing bad okay terrible okay,494,54,Android
user_254,2024-03-04,This quality is terrible great wonderful great average,404,35,Hootsuite
user_425,2024-03-16,This price is wonderful amazing terrible okay amazing,349,85,Buffer
user_76,2024-08-22,This design is average amazing bad average terrible,361,68,iPhone
user_437,2024-12-25,This price is bad amazing average terrible terrible,252,31,iPhone
user_208,2024-09-25,This product is okay amazing terrible great wonderful,297,76,iPhone
user_353,2024-08-01,This price is average average great okay terrible,46,13,iPhone
user_182,2024-04-09,This delivery is average amazing terrible average great,226,56,Android
user_379,2024-02-18,This customer support is wonderful terrible wonderful average wonderful,135,20,iPhone
user_162,2024-10-29,This delivery is bad average great great okay,345,36,Twitter Web App
user_35,2024-06-26,This customer support is amazing bad great wonderful great,340,76,Buffer
user_265,2024-02-23,This price is amazing terrible wonderful okay okay,289,34,iPhone
user_67,2024-12-26,This price is okay wonderful great terrible amazing,422,89,iPhone
user_86,2024-11-18,This service is okay terrible okay wonderful great,127,82,Buffer
user_310,2024-02-10,This customer support is amazing amazing okay okay great,261,22,iPhone
user_156,2024-01-30,This customer support is great amazing okay wonderful amazing,142,100,iPhone
user_251,2024-06-02,This service is bad average okay average okay,390,7,Hootsuite
user_313,2024-07-14,This product is terrible bad okay great wonderful,116,83,iPhone
user_153,2024-07-19,This price is great okay amazing wonderful wonderful,392,25,Android
user_449,2024-10-18,This quality is terrible average okay average great,461,38,Android
user_379,2024-01-01,This design is okay amazing amazing wonderful okay,345,21,Hootsuite
user_413,2024-03-15,This customer support is amazing okay terrible amazing amazing,385,74,Twitter Web App
user_248,2024-10-13,This service is great okay terrible okay wonderful,149,68,Hootsuite
user_373,2024-03-19,This product is amazing bad great average bad,159,44,Hootsuite
user_259,2024-11-05,This experience is amazing wonderful average terrible amazing,482,13,iPhone
user_2,2024-10-27,This quality is average terrible amazing amazing terrible,274,12,iPhone
user_458,2024-02-27,This price is okay amazing wonderful okay amazing,337,34,Hootsuite
user_328,2024-03-06,This delivery is okay amazing average okay average,252,70,Hootsuite
user_37,2024-09-30,This price is amazing average okay wonderful okay,8,89,Hootsuite
user_342,2024-02-25,This delivery is bad bad average great wonderful,143,5,iPhone
user_90,2024-07-28,This experience is okay great terrible terrible bad,146,46,Hootsuite
user_491,2024-01-06,This price is bad average amazing average average,272,59,Buffer
user_322,2024-12-28,This customer support is amazing amazing wonderful bad great,349,30,Twitter Web App
user_411,2024-01-21,This experience is okay average terrible average amazing,481,8,Hootsuite
user_98,2024-08-16,This design is amazing terrible wonderful okay great,210,69,Hootsuite
user_323,2024-07-06,This customer support is okay terrible great okay terrible,58,13,Hootsuite
user_485,2024-01-18,This customer support is wonderful terrible great great great,383,37,Hootsuite
user_199,2024-06-20,This quality is bad bad average average bad,437,39,Hootsuite
user_367,2024-11-10,This customer support is terrible bad okay okay great,272,78,Hootsuite
user_267,2024-09-07,This customer support is wonderful average terrible average great,353,78,Buffer
user_25,2024-06-10,This experience is average okay average wonderful terrible,96,51,iPhone
user_86,2024-05-31,This delivery is terrible bad great great okay,91,88,Buffer
user_53,2024-11-08,This service is amazing great terrible amazing average,398,97,Twitter Web App
user_236,2024-03-25,This price is bad great wonderful great amazing,452,98,Twitter Web App
user_153,2024-08-17,This quality is average terrible okay okay okay,122,72,Buffer
user_196,2024-12-20,This price is wonderful wonderful terrible wonderful okay,209,33,Twitter Web App
user_449,2024-03-23,This quality is great bad amazing terrible great,148,79,Twitter Web App
user_37,2024-10-27,This design is great amazing terrible average amazing,202,43,Android
user_293,2024-01-25,This experience is average bad bad great average,495,6,Buffer
user_279,2024-03-10,This customer support is okay amazing okay great great,387,13,Hootsuite
user_236,2024-06-13,This price is bad wonderful terrible great okay,253,26,Hootsuite
user_238,2024-12-07,This service is amazing amazing okay wonderful terrible,192,7,Hootsuite
user_388,2024-06-08,This design is great average great great bad,245,76,iPhone
user_408,2024-09-28,This design is terrible bad average wonderful great,443,25,Twitter Web App
user_105,2024-01-12,This design is average average average bad terrible,63,7,Android
user_482,2024-10-08,This price is okay okay great wonderful average,185,71,Twitter Web App
user_150,2024-04-28,This design is okay terrible terrible terrible wonderful,375,10,Android
user_75,2024-04-09,This price is bad amazing average average bad,477,22,Buffer
user_319,2024-11-08,This design is great amazing wonderful bad bad,251,37,Hootsuite
user_111,2024-05-29,This product is average average bad terrible great,185,100,Buffer
user_81,2024-04-23,This price is terrible amazing terrible terrible amazing,45,61,Android
user_177,2024-04-24,This quality is bad terrible okay wonderful wonderful,450,88,Hootsuite
user_85,2024-03-16,This service is okay wonderful wonderful bad amazing,350,1,Hootsuite
user_133,2024-01-22,This service is average average terrible average average,452,69,Buffer
user_271,2024-01-28,This quality is terrible amazing amazing terrible amazing,111,41,Hootsuite
user_117,2024-01-28,This quality is wonderful amazing average average terrible,294,53,Buffer
user_268,2024-04-26,This service is terrible bad great bad bad,94,37,Hootsuite
user_291,2024-04-13,This design is wonderful great wonderful bad terrible,190,7,Hootsuite
user_405,2024-02-11,This design is great average bad amazing okay,144,41,Android
user_377,2024-02-14,This delivery is wonderful terrible wonderful average terrible,45,84,iPhone
user_211,2024-01-28,This experience is great wonderful wonderful okay great,80,39,iPhone
user_458,2024-03-11,This quality is great okay wonderful wonderful bad,126,34,Buffer
user_166,2024-05-27,This experience is okay amazing amazing average average,144,30,Android
user_76,2024-10-22,This service is average average terrible amazing amazing,66,14,Hootsuite
user_370,2024-07-02,This product is amazing average terrible terrible wonderful,369,96,Twitter Web App
user_310,2024-07-28,This quality is amazing wonderful okay okay terrible,230,59,Buffer
user_114,2024-05-08,This product is wonderful okay amazing okay amazing,424,26,Buffer
user_132,2024-05-30,This customer support is terrible terrible okay okay bad,474,80,iPhone
user_205,2024-08-23,This experience is wonderful okay bad great bad,290,64,iPhone
user_131,2024-03-01,This service is bad okay bad bad bad,155,47,Hootsuite
user_2,2024-03-08,This design is amazing okay terrible average wonderful,91,1,Hootsuite
user_1,2024-08-21,This delivery is okay bad average wonderful terrible,279,94,Buffer
user_370,2024-11-06,This design is great okay great amazing wonderful,36,74,iPhone
user_311,2024-11-20,This customer support is average terrible terrible bad terrible,359,48,Hootsuite
user_424,2024-02-19,This delivery is okay wonderful terrible average average,220,64,Buffer
user_139,2024-05-06,This quality is amazing great amazing terrible terrible,265,27,Android
user_422,2024-07-26,This price is okay great okay bad wonderful,467,39,Android
user_454,2024-10-05,This customer support is wonderful average wonderful okay wonderful,355,61,Buffer
user_282,2024-05-10,This delivery is amazing average okay amazing wonderful,460,31,iPhone
user_478,2024-01-13,This quality is terrible great terrible bad terrible,90,4,Buffer
user_489,2024-03-03,This price is terrible great average amazing great,500,15,Hootsuite
user_256,2024-04-02,This delivery is bad amazing great okay great,195,26,Android
user_99,2024-02-19,This experience is terrible amazing okay great amazing,440,90,Android
user_125,2024-03-16,This price is amazing bad average amazing amazing,225,41,Hootsuite
user_482,2024-09-04,This price is average amazing terrible okay great,411,17,iPhone
user_81,2024-05-27,This experience is bad great okay okay terrible,434,72,iPhone
user_16,2024-06-07,This quality is amazing bad average okay bad,152,98,Hootsuite
user_160,2024-06-17,This quality is bad average amazing terrible terrible,400,48,Buffer
user_241,2024-02-13,This product is amazing terrible average great bad,384,79,Buffer
user_308,2024-04-13,This service is amazing wonderful terrible amazing great,138,61,Android
user_371,2024-09-25,This customer support is wonderful terrible great amazing terrible,163,35,Twitter Web App
user_382,2024-07-15,This product is wonderful wonderful okay okay okay,136,71,Hootsuite
user_494,2024-05-24,This price is wonderful bad average terrible terrible,214,68,Hootsuite
user_133,2024-11-13,This quality is bad terrible great amazing average,6,19,Android
user_147,2024-10-20,This product is great bad bad okay amazing,218,5,iPhone
user_260,2024-10-05,This product is bad terrible terrible average bad,183,24,Twitter Web App
user_71,2024-04-09,This quality is terrible wonderful average terrible amazing,433,89,Android
user_399,2024-07-11,This experience is average amazing average wonderful terrible,50,7,Hootsuite
user_346,2024-09-03,This quality is great wonderful terrible okay great,204,26,iPhone
user_454,2024-05-02,This design is wonderful average terrible okay okay,178,83,Twitter Web App
user_442,2024-03-05,This delivery is okay okay wonderful average great,35,17,Buffer
user_1,2024-02-01,This product is bad bad wonderful average terrible,456,35,Android
user_243,2024-07-19,This quality is bad average bad amazing wonderful,23,53,Hootsuite
user_390,2024-01-27,This design is okay terrible okay okay average,106,11,Hootsuite
user_438,2024-01-06,This product is wonderful okay average terrible average,361,74,iPhone
user_340,2024-10-24,This service is bad great bad wonderful amazing,234,38,Hootsuite
user_24,2024-02-25,This customer support is terrible okay wonderful bad bad,406,89,Hootsuite
user_303,2024-08-02,This design is terrible wonderful bad bad terrible,330,6,iPhone
user_15,2024-06-22,This design is great average great great average,143,36,Hootsuite
user_70,2024-11-09,This price is average great bad great terrible,277,42,Android
user_96,2024-11-16,This customer support is great average okay average wonderful,330,96,Hootsuite
user_431,2024-02-18,This price is average amazing bad wonderful okay,89,61,Android
user_416,2024-03-26,This quality is average great bad terrible great,325,63,Buffer
user_303,2024-02-28,This quality is average amazing terrible okay average,184,51,Twitter Web App
user_303,2024-01-14,This price is amazing average bad bad amazing,109,15,Buffer
user_465,2024-08-02,This design is amazing bad okay terrible amazing,261,0,Twitter Web App
user_132,2024-09-06,This quality is average amazing amazing terrible bad,344,33,Buffer
user_16,2024-03-11,This quality is wonderful great average okay terrible,224,21,Buffer
user_378,2024-08-22,This delivery is wonderful amazing amazing wonderful amazing,432,15,Buffer
user_23,2024-02-10,This customer support is great wonderful bad great wonderful,452,15,Android
user_73,2024-10-19,This experience is great wonderful bad okay bad,122,47,Twitter Web App
user_217,2024-12-27,This customer support is amazing great terrible average wonderful,422,82,Twitter Web App
user_405,2024-03-12,This delivery is okay terrible okay average great,445,4,Hootsuite
user_273,2024-02-24,This design is wonderful okay terrible bad bad,101,100,Buffer
user_234,2024-09-19,This design is average great bad bad bad,431,71,Twitter Web App
user_220,2024-07-22,This service is amazing amazing terrible okay terrible,259,46,iPhone
user_196,2024-12-19,This service is terrible amazing wonderful amazing okay,7,83,iPhone
user_183,2024-09-17,This product is wonderful terrible wonderful wonderful wonderful,259,37,Buffer
user_43,2024-11-02,This service is average bad bad okay average,200,36,Buffer
user_182,2024-11-01,This service is amazing terrible wonderful amazing average,156,81,Buffer
user_2,2024-10-03,This delivery is terrible great great bad amazing,292,4,Twitter Web App
user_286,2024-05-02,This experience is average terrible amazing average bad,307,81,Android
user_55,2024-09-24,This delivery is okay okay great bad bad,210,77,Buffer
user_424,2024-04-25,This delivery is wonderful great wonderful great amazing,361,91,iPhone
user_31,2024-09-20,This product is terrible wonderful terrible amazing great,269,12,Hootsuite
user_294,2024-07-05,This quality is average average terrible amazing amazing,363,52,Android
user_424,2024-04-18,This delivery is great bad okay okay okay,300,93,Android
user_144,2024-06-04,This price is average amazing wonderful average amazing,207,74,Hootsuite
user_39,2024-03-28,This design is wonderful okay bad okay bad,193,25,Buffer
user_112,2024-11-05,This service is average amazing great terrible great,235,79,Buffer
user_441,2024-08-25,This customer support is great wonderful amazing okay great,134,73,Android
user_249,2024-09-18,This design is amazing amazing great wonderful wonderful,27,78,Android
user_73,2024-05-31,This design is terrible bad amazing okay bad,228,42,Buffer
user_37,2024-07-12,This quality is average amazing average wonderful terrible,6,36,Hootsuite
user_196,2024-04-27,This quality is great bad wonderful great bad,117,68,Android
user_407,2024-09-09,This service is great great amazing bad average,204,88,Buffer
user_449,2024-07-23,This experience is bad bad bad bad amazing,419,39,Hootsuite
user_11,2024-08-09,This design is average great amazing great okay,343,66,Buffer
user_76,2024-05-07,This product is great great bad amazing average,10,11,iPhone
user_284,2024-06-16,This product is okay average amazing amazing bad,0,31,Buffer
user_88,2024-07-24,This quality is bad great wonderful average average,129,36,Buffer
user_141,2024-01-20,This customer support is amazing okay amazing great wonderful,188,94,Hootsuite
user_302,2024-03-13,This customer support is amazing great amazing bad amazing,309,33,Android
user_189,2024-01-22,This price is wonderful great amazing okay great,478,22,Hootsuite
user_250,2024-05-05,This product is great wonderful average amazing bad,5,57,Buffer
user_190,2024-05-01,This experience is wonderful great terrible great amazing,217,47,iPhone
user_213,2024-06-12,This customer support is wonderful okay average great bad,172,7,Buffer
user_79,2024-08-15,This service is average bad okay average terrible,160,71,iPhone
user_42,2024-01-25,This price is amazing bad okay terrible average,37,66,Buffer
user_465,2024-12-11,This experience is great wonderful okay wonderful amazing,334,40,Twitter Web App
user_382,2024-10-02,This design is bad bad bad average wonderful,234,12,Buffer
user_280,2024-09-12,This product is wonderful bad terrible great great,62,89,Android
user_289,2024-06-12,This price is amazing great bad wonderful terrible,246,68,Twitter Web App
user_198,2024-02-03,This price is okay okay amazing wonderful bad,340,66,Android
user_61,2024-02-13,This experience is wonderful wonderful bad great great,292,93,Twitter Web App
user_267,2024-03-31,This service is great great average okay okay,428,100,Buffer
user_27,2024-08-11,This service is amazing amazing amazing wonderful amazing,0,99,Buffer
user_263,2024-08-01,This experience is wonderful bad terrible okay okay,395,3,Android
user_49,2024-10-03,This design is great wonderful bad bad amazing,139,70,Android
user_285,2024-10-31,This experience is amazing terrible amazing terrible terrible,161,2,iPhone
user_21,2024-11-01,This quality is bad wonderful okay terrible great,293,3,iPhone
user_47,2024-12-14,This experience is okay wonderful amazing great average,105,43,Twitter Web App
user_224,2024-02-09,This delivery is terrible great okay amazing bad,470,98,Twitter Web App
user_177,2024-06-26,This design is okay okay great great average,185,13,Hootsuite
user_458,2024-12-18,This delivery is average okay bad bad average,458,26,Twitter Web App
user_167,2024-10-11,This delivery is amazing great great amazing wonderful,469,30,Hootsuite
user_90,2024-06-09,This service is wonderful average bad average amazing,103,31,Twitter Web App
user_199,2024-01-01,This customer support is terrible bad bad wonderful wonderful,84,80,Buffer
user_203,2024-09-03,This quality is bad great wonderful okay great,150,77,iPhone
user_429,2024-04-30,This design is amazing wonderful okay wonderful average,352,40,iPhone
user_358,2024-06-10,This design is amazing amazing great average okay,456,9,Hootsuite
user_311,2024-01-06,This experience is great terrible okay amazing average,148,11,Twitter Web App
user_486,2024-09-06,This experience is bad amazing okay terrible great,73,72,Android
user_273,2024-07-15,This product is bad terrible bad average amazing,329,76,Twitter Web App
user_143,2024-01-14,This customer support is okay average amazing bad terrible,149,20,Android
user_463,2024-02-09,This design is okay wonderful wonderful great terrible,120,81,Twitter Web App
user_308,2024-08-29,This quality is wonderful amazing average great okay,149,14,Buffer
user_276,2024-11-27,This delivery is bad wonderful great average okay,379,41,Buffer
user_349,2024-12-03,This quality is terrible amazing great terrible okay,383,78,Twitter Web App
user_93,2024-11-24,This service is amazing bad bad bad average,114,78,Hootsuite
user_394,2024-10-23,This product is wonderful wonderful great terrible great,495,8,Android
user_302,2024-02-22,This product is great average average average wonderful,306,14,iPhone
user_239,2024-07-05,This quality is wonderful terrible great okay average,269,19,iPhone
user_447,2024-07-05,This product is wonderful terrible okay wonderful great,190,48,Twitter Web App
user_334,2024-01-31,This delivery is terrible bad terrible terrible wonderful,99,10,iPhone
user_80,2024-12-07,This product is amazing wonderful wonderful average terrible,482,96,Twitter Web App
user_80,2024-01-27,This quality is average great wonderful great okay,432,71,Buffer
user_164,2024-11-07,This price is average average bad wonderful great,494,72,Buffer
user_438,2024-07-23,This price is great average wonderful great okay,487,100,Hootsuite
user_411,2024-04-18,This quality is wonderful terrible average terrible wonderful,470,18,Android
user_165,2024-12-16,This price is great terrible average wonderful okay,109,77,Twitter Web App
user_255,2024-12-31,This service is amazing average terrible okay wonderful,225,87,Hootsuite
user_169,2024-01-25,This design is bad okay bad wonderful terrible,146,21,Twitter Web App
user_136,2024-05-05,This customer support is wonderful amazing amazing great okay,482,93,Android
user_391,2024-07-12,This experience is great bad great okay amazing,440,53,Twitter Web App
user_169,2024-06-02,This delivery is average great average bad bad,90,11,iPhone
user_41,2024-12-14,This quality is wonderful great bad great okay,297,6,Twitter Web App
user_19,2024-05-07,This product is terrible average terrible average terrible,128,47,Android
user_465,2024-08-14,This experience is terrible okay bad average bad,188,95,Buffer
user_262,2024-03-10,This design is great terrible great bad okay,301,54,Buffer
user_370,2024-09-09,This design is bad wonderful great amazing bad,173,75,iPhone
user_386,2024-04-16,This design is bad wonderful bad okay bad,159,89,Hootsuite
user_74,2024-04-18,This product is bad great terrible bad bad,227,0,Android
user_61,2024-10-13,This price is okay wonderful okay amazing wonderful,200,63,iPhone
user_332,2024-07-05,This price is bad great terrible okay bad,335,7,Buffer
user_126,2024-05-20,This customer support is average terrible okay wonderful great,150,65,iPhone
user_343,2024-03-29,This delivery is average okay bad bad average,333,9,Twitter Web App
user_472,2024-08-08,This service is okay okay terrible amazing bad,381,87,iPhone
user_184,2024-11-09,This price is okay great average wonderful wonderful,36,45,Twitter Web App
user_259,2024-12-07,This design is bad wonderful amazing great terrible,238,63,Hootsuite
user_33,2024-05-28,This service is terrible amazing great average okay,205,50,iPhone
user_362,2024-04-08,This price is wonderful bad average okay average,431,28,Hootsuite
user_406,2024-12-12,This quality is great bad amazing terrible average,87,69,Buffer
user_226,2024-04-28,This price is terrible terrible okay bad okay,52,31,iPhone
user_258,2024-10-13,This delivery is amazing terrible bad wonderful terrible,155,38,Buffer
user_384,2024-07-02,This quality is average terrible bad okay okay,316,64,Twitter Web App
user_456,2024-01-13,This experience is average okay wonderful bad average,236,47,Buffer
user_241,2024-10-08,This service is average average great amazing okay,218,8,Buffer
user_85,2024-10-25,This experience is bad terrible average terrible average,138,26,Hootsuite
user_115,2024-09-09,This experience is amazing amazing wonderful terrible average,361,54,Buffer
user_393,2024-11-30,This experience is amazing wonderful great wonderful terrible,222,55,Buffer
user_393,2024-02-02,This design is okay amazing average okay okay,104,43,Hootsuite
user_49,2024-06-01,This service is bad amazing great average average,70,5,Android
user_255,2024-04-14,This service is average okay amazing great average,280,34,Hootsuite
user_489,2024-12-14,This design is average terrible great bad wonderful,270,6,Android
user_159,2024-08-24,This design is amazing amazing bad average okay,191,33,iPhone
user_233,2024-11-25,This delivery is wonderful amazing wonderful bad wonderful,461,72,Android
user_34,2024-08-06,This product is bad bad average average okay,423,52,Android
user_403,2024-05-21,This experience is terrible terrible terrible bad great,172,40,iPhone
user_329,2024-01-15,This price is wonderful great terrible terrible average,477,59,Hootsuite
user_46,2024-05-06,This delivery is average wonderful wonderful wonderful okay,416,25,Android
user_42,2024-03-12,This product is amazing bad great okay terrible,496,3,Hootsuite
user_69,2024-10-27,This customer support is amazing amazing wonderful bad wonderful,137,76,iPhone
user_241,2024-03-14,This experience is terrible amazing okay wonderful bad,136,84,iPhone
user_129,2024-02-24,This experience is amazing terrible okay wonderful okay,132,86,iPhone
user_177,2024-04-16,This customer support is bad wonderful wonderful average okay,433,48,Buffer
user_156,2024-04-10,This customer support is average okay amazing great great,88,72,Twitter Web App
user_333,2024-10-03,This service is amazing average wonderful average great,240,15,Twitter Web App
user_365,2024-12-06,This product is wonderful average great great wonderful,145,87,Twitter Web App
user_423,2024-07-04,This quality is bad average terrible terrible bad,87,46,Hootsuite
user_142,2024-09-11,This customer support is great okay amazing great great,454,37,Buffer
user_40,2024-04-15,This delivery is average wonderful wonderful terrible wonderful,370,85,Twitter Web App
user_400,2024-10-01,This product is okay terrible bad bad wonderful,25,12,iPhone
user_448,2024-05-31,This experience is wonderful great amazing terrible wonderful,419,87,Buffer
user_40,2024-03-21,This design is terrible average average wonderful wonderful,498,77,iPhone
user_500,2024-12-27,This price is average okay bad terrible okay,357,53,Buffer
user_58,2024-06-26,This design is wonderful amazing wonderful great great,44,55,Buffer
user_179,2024-12-07,This design is okay average average great okay,39,5,iPhone
user_301,2024-02-04,This price is amazing bad amazing wonderful terrible,407,88,iPhone
user_387,2024-09-04,This customer support is amazing wonderful amazing great terrible,427,35,Hootsuite
user_439,2024-11-25,This experience is average amazing wonderful wonderful terrible,377,70,Android
user_384,2024-05-27,This quality is amazing wonderful great bad wonderful,238,39,Hootsuite
user_335,2024-12-09,This product is amazing bad amazing terrible amazing,496,48,iPhone
user_466,2024-08-30,This design is average great wonderful average average,303,62,Android
user_437,2024-11-24,This product is amazing average okay amazing bad,260,65,Buffer
user_196,2024-03-08,This experience is terrible wonderful great wonderful bad,153,79,iPhone
user_492,2024-04-02,This customer support is amazing okay average wonderful bad,174,44,iPhone
user_38,2024-04-13,This product is average terrible terrible okay wonderful,365,64,iPhone
user_83,2024-10-14,This quality is terrible wonderful amazing okay terrible,281,75,Buffer
user_434,2024-05-03,This quality is great amazing okay great bad,14,35,Buffer
user_484,2024-03-16,This price is average great okay amazing terrible,444,69,Buffer
user_206,2024-05-09,This design is wonderful great bad great terrible,344,12,Buffer
user_401,2024-05-09,This service is okay terrible okay terrible bad,255,5,Hootsuite
user_235,2024-10-17,This product is okay bad okay bad okay,291,81,iPhone
user_47,2024-10-16,This delivery is terrible wonderful okay amazing wonderful,2,33,Android
user_226,2024-03-16,This delivery is okay amazing wonderful bad bad,211,50,Buffer
user_190,2024-04-16,This quality is average wonderful bad bad bad,53,89,Hootsuite
user_398,2024-11-14,This delivery is wonderful amazing terrible terrible okay,241,85,Twitter Web App
user_349,2024-12-07,This experience is amazing average great wonderful wonderful,464,91,Buffer
user_495,2024-08-25,This price is bad terrible average great okay,408,33,Buffer
user_233,2024-02-06,This delivery is average terrible average bad bad,456,98,Twitter Web App
user_93,2024-08-13,This design is wonderful bad wonderful terrible bad,497,63,Buffer
user_95,2024-09-09,This experience is terrible terrible amazing great average,37,50,Android
user_299,2024-12-31,This price is terrible okay bad bad amazing,155,19,Twitter Web App
user_157,2024-06-25,This price is amazing average terrible okay bad,101,75,Buffer
user_95,2024-04-06,This customer support is okay great terrible great terrible,300,100,Buffer
user_77,2024-05-24,This product is bad terrible terrible average bad,139,84,Android
user_459,2024-07-06,This customer support is wonderful wonderful great amazing great,69,23,Android
user_258,2024-06-04,This service is terrible average wonderful great okay,240,86,Android
user_137,2024-05-21,This service is amazing wonderful average wonderful amazing,107,13,Hootsuite
user_497,2024-06-25,This product is wonderful amazing bad okay bad,158,24,Android
user_234,2024-03-10,This price is okay bad wonderful wonderful okay,484,74,Twitter Web App
user_415,2024-04-21,This delivery is okay terrible wonderful okay terrible,117,10,iPhone
user_388,2024-02-05,This price is great great terrible average wonderful,46,9,Buffer
user_150,2024-07-02,This customer support is wonderful average average great terrible,453,60,Buffer
